{
    "name": "Greenbelt Republic",
    "claimed_hexes": [
        [
            909.3266739736605,
            273.0
        ],
        [
            883.3459118601273,
            228.0
        ],
        [
            935.3074360871937,
            228.0
        ],
        [
            961.2881982007268,
            273.0
        ],
        [
            987.26896031426,
            228.0
        ],
        [
            1013.2497224277931,
            273.0
        ],
        [
            1039.2304845413264,
            228.0
        ],
        [
            1065.2112466548595,
            273.0
        ],
        [
            1091.1920087683927,
            228.0
        ],
        [
            935.3074360871937,
            318.0
        ],
        [
            909.3266739736605,
            363.0
        ],
        [
            1039.2304845413264,
            318.0
        ],
        [
            1065.2112466548595,
            363.0
        ],
        [
            1013.2497224277931,
            363.0
        ],
        [
            961.2881982007268,
            183.0
        ],
        [
            1013.2497224277931,
            183.0
        ],
        [
            1065.2112466548595,
            183.0
        ],
        [
            935.3074360871937,
            138.0
        ],
        [
            1039.2304845413264,
            138.0
        ],
        [
            1065.2112466548595,
            93.0
        ],
        [
            1039.2304845413264,
            48.0
        ],
        [
            1091.1920087683927,
            48.0
        ],
        [
            1117.1727708819258,
            363.0
        ],
        [
            1143.153532995459,
            408.0
        ],
        [
            1169.134295108992,
            453.0
        ]
    ],
    "level": 6,
    "unrest": 4,
    "settlements": [
        {
            "name": "Noktown",
            "location": [
                1013.2497224277931,
                273.0
            ],
            "buildings": {
                "Town Hall": 1,
                "Houses": 3,
                "Mill": 1,
                "Alchemy Laboratory": 1,
                "General Store": 1,
                "Tavern, Popular": 1,
                "Wall, Wooden": 1,
                "Monument": 1
            },
            "occupied_lots": 10,
            "occupied_blocks": 3
        },
        {
            "name": "Tatzlford",
            "location": [
                883.3459118601273,
                228.0
            ],
            "buildings": {
                "Town Hall": 1,
                "Barracks": 1,
                "Inn": 1,
                "Orphanage": 1,
                "Houses": 1,
                "Mill": 1,
                "Wall, Wooden": 1,
                "Monument": 1,
                "Brewery": 1
            },
            "occupied_lots": 9,
            "occupied_blocks": 3
        },
        {
            "name": "Isle of the Lizard King",
            "location": [
                909.3266739736605,
                363.0
            ],
            "buildings": {
                "Barracks": 1,
                "Mill": 1,
                "Houses": 1,
                "Shrine": 1,
                "Monument": 1,
                "Bridge": 1,
                "Wall, Wooden": 1,
                "Brewery": 1
            },
            "occupied_lots": 6,
            "occupied_blocks": 2
        },
        {
            "name": "Greengripe",
            "location": [
                1169.134295108992,
                453.0
            ],
            "buildings": {
                "Alchemy Laboratory": 1,
                "Shrine": 1,
                "Tenement": 1,
                "Stable": 1,
                "Wall, Wooden": 1,
                "Houses": 1
            },
            "occupied_lots": 5,
            "occupied_blocks": 2
        }
    ],
    "ruins": {
        "corruption": [
            2,
            10
        ],
        "crime": [
            4,
            10
        ],
        "decay": [
            5,
            10
        ],
        "strife": [
            4,
            12
        ]
    },
    "attributes": {
        "stability": 14,
        "culture": 14,
        "economy": 16,
        "loyalty": 14
    },
    "skills": {
        "agriculture": 1,
        "arts": 1,
        "boating": 0,
        "defense": 2,
        "engineering": 1,
        "exploration": 0,
        "folklore": 0,
        "industry": 1,
        "intrigue": 1,
        "magic": 1,
        "politics": 1,
        "scholarship": 0,
        "statecraft": 1,
        "trade": 2,
        "warfare": 1,
        "wilderness": 0
    },
    "relations": {},
    "control_DC": 24,
    "advisors": {
        "ruler": "filled",
        "emissary": "filled",
        "general": "filled",
        "magister": "filled",
        "counselor": "filled",
        "treasurer": "filled",
        "viceroy": "filled",
        "warden": "filled"
    },
    "RP": [
        0,
        4,
        9
    ],
    "resources": {
        "food": [
            1,
            0,
            0
        ],
        "lumber": [
            1,
            0,
            0
        ],
        "stone": [
            1,
            0,
            0
        ],
        "ore": [
            1,
            0,
            0
        ],
        "luxuries": [
            0,
            0,
            0
        ]
    },
    "xp": 466,
    "work_camps": {
        "Farms": [
            [
                987.26896031426,
                228.0
            ],
            [
                1039.2304845413264,
                228.0
            ],
            [
                1039.2304845413264,
                318.0
            ]
        ],
        "Logging Camps": [
            [
                961.2881982007268,
                273.0
            ],
            [
                935.3074360871937,
                228.0
            ]
        ],
        "Mines": [
            [
                1091.1920087683927,
                228.0
            ],
            [
                1039.2304845413264,
                138.0
            ]
        ],
        "Quarries": [
            [
                1013.2497224277931,
                183.0
            ]
        ]
    },
    "capital": null,